,precision,recall,f1-score,support
1,0.8534031413612565,0.9299103504482478,0.8900156006240248,2454.0
2,0.7225806451612903,0.5333333333333333,0.6136986301369863,840.0
accuracy,0.8287795992714025,0.8287795992714025,0.8287795992714025,0.8287795992714025
macro avg,0.7879918932612734,0.7316218418907905,0.7518571153805056,3294.0
weighted avg,0.8200422133685511,0.8287795992714025,0.8195522566018292,3294.0
