Score,Accuracy
0.8746459510786726,0.6140931248664856
