,precision,recall,f1-score,support
1,0.639009639009639,0.793661971830986,0.7079886922835305,4260.0
2,0.6581096849474912,0.4697390338700722,0.548193746962579,3602.0
accuracy,0.6452556601373697,0.6452556601373697,0.6452556601373697,0.6452556601373697
macro avg,0.6485596619785652,0.6317005028505291,0.6280912196230548,7862.0
weighted avg,0.64776038506257,0.6452556601373697,0.6347781360578796,7862.0
