,precision,recall,f1-score,support
1,0.6903637222484648,0.6961181233627054,0.6932289813826632,4199.0
2,0.6482910694597575,0.6420966420966421,0.6451789877931696,3663.0
accuracy,0.6709488679725261,0.6709488679725261,0.6709488679725261,0.6709488679725261
macro avg,0.669327395854111,0.6691073827296737,0.6692039845879164,7862.0
weighted avg,0.6707615692129731,0.6709488679725261,0.6708419136494763,7862.0
