Score,Accuracy
0.39486891909951716,0.8460989594459534
