,precision,recall,f1-score,support
1,0.6860549132947977,0.6448217317487267,0.6647995799054789,2945.0
2,0.5854922279792746,0.3639291465378422,0.44885799404170806,1242.0
3,0.6355853771402129,0.747482993197279,0.6870076278604477,3675.0
accuracy,0.6484355125922158,0.6484355125922158,0.6484355125922158,0.6484355125922158
macro avg,0.6357108394714285,0.5854112904946159,0.6002217339358782,7862.0
weighted avg,0.6465771213169321,0.6484355125922158,0.6410670851956985,7862.0
