,precision,recall,f1-score,support
1,0.8582247803695849,0.9334431630971993,0.8942550505050505,3035.0
2,0.780195865070729,0.6050632911392405,0.6815589353612168,1185.0
accuracy,0.8412322274881516,0.8412322274881516,0.8412322274881516,0.8412322274881516
macro avg,0.819210322720157,0.76925322711822,0.7879069929331337,4220.0
weighted avg,0.8363138171873232,0.8412322274881516,0.8345287717265095,4220.0
