Score,Accuracy
0.38828392584382754,0.8314340114593506
