Score,Accuracy
0.842360634804985,0.6352073550224304
