Score,Accuracy
0.8671676448452293,0.582548975944519
