Score,Accuracy
0.4114390150019245,0.834140419960022
