Score,Accuracy
0.8402062753052907,0.6171457767486572
