epoch,acc,loss,lr,val_acc,val_loss
0,0.6363347,0.6334867149553537,0.01,0.6675853133201599,0.6085663073164491
1,0.74000543,0.5279483114635427,0.01,0.6649353504180908,0.6579848828269234
