Score,Accuracy
0.7017179433549218,0.640803873538971
