Score,Accuracy
0.41682410381298546,0.8259052634239197
