Score,Accuracy
0.8565271656891069,0.5694479942321777
