Score,Accuracy
0.6284511023973636,0.6418214440345764
