Score,Accuracy
0.789730549859382,0.6377512216567993
