Score,Accuracy
0.3814557929757049,0.8358769416809082
