Score,Accuracy
0.8316925312993,0.6163825988769531
