,precision,recall,f1-score,support
1,0.7040704070407041,0.5215973920130399,0.5992509363295879,2454.0
2,0.5126903553299492,0.12023809523809524,0.19479267116682739,840.0
3,0.5115760111576011,0.795316565481353,0.6226447122729587,2306.0
accuracy,0.5741071428571428,0.5741071428571428,0.5741071428571428,0.5741071428571428
macro avg,0.5761122578427514,0.4790506842441627,0.47222943992312466,5600.0
weighted avg,0.5960969569793703,0.5741071428571428,0.5482154192918548,5600.0
