Score,Accuracy
0.4104437328568112,0.829119861125946
