Score,Accuracy
0.6230028908812524,0.6628084182739258
