Score,Accuracy
0.6114762172963413,0.6638259887695312
