,precision,recall,f1-score,support
1,0.8181049069373942,0.9666777740753082,0.8862074232472887,3001.0
2,0.8516320474777448,0.47087776866283837,0.606444796619123,1219.0
accuracy,0.8234597156398105,0.8234597156398105,0.8234597156398105,0.8234597156398105
macro avg,0.8348684772075695,0.7187777713690733,0.7463261099332059,4220.0
weighted avg,0.8277896425579364,0.8234597156398105,0.8053944749392948,4220.0
