Score,Accuracy
0.8143439823754475,0.6232510805130005
