,precision,recall,f1-score,support
1,0.6960152708184204,0.6878094788964867,0.691888045540797,4241.0
2,0.6393353309724871,0.6481634907484121,0.6437191442676906,3621.0
accuracy,0.6695497328923938,0.6695497328923938,0.6695497328923938,0.6695497328923938
macro avg,0.6676753008954537,0.6679864848224494,0.6678035949042438,7862.0
weighted avg,0.669910200584113,0.6695497328923938,0.6697029028913543,7862.0
