Score,Accuracy
0.6190317614907619,0.6568303108215332
