epoch,acc,loss,lr,val_acc,val_loss
0,0.49382156,1.043328148374639,0.01,0.5617977380752563,0.8731425350465991
1,0.5901781,0.8558155876516148,0.01,0.6048336029052734,0.8360573274997778
2,0.61711794,0.8237607149823934,0.01,0.5669917464256287,0.8625040552311336
