Score,Accuracy
0.40614351144559246,0.812873899936676
