Score,Accuracy
0.6258574958613009,0.6757822632789612
