Score,Accuracy
0.8243215243587722,0.6261765360832214
