,precision,recall,f1-score,support
1,0.6697658402203857,0.6451077943615257,0.6572056090555837,3015.0
2,0.5740498034076016,0.3759656652360515,0.4543568464730291,1165.0
3,0.636471990464839,0.7251493753394894,0.6779230671575471,3682.0
accuracy,0.6427117781734928,0.6427117781734928,0.6427117781734928,0.6427117781734928
macro avg,0.6267625446976087,0.5820742783123555,0.59649517422872,7862.0
weighted avg,0.639990065902551,0.6427117781734928,0.6368498309231432,7862.0
