epoch,acc,loss,lr,val_acc,val_loss
0,0.5964928,0.874479267329882,0.01,0.6153275370597839,0.8374288396383459
1,0.70307106,0.6879378289563773,0.01,0.6322874426841736,0.8258594028874426
2,0.79647464,0.504645822482739,0.01,0.608331561088562,0.9840932116433678
