Score,Accuracy
0.5895023834565856,0.6831595301628113
