Score,Accuracy
0.4305429018988754,0.8147878646850586
