epoch,acc,loss,lr,val_acc,val_loss
0,0.5964928,0.8711033423943843,0.01,0.6321814656257629,0.8291924858664415
1,0.7062057,0.688668765589343,0.01,0.6210514903068542,0.8335885649417856
