epoch,acc,loss,lr,val_acc,val_loss
0,0.59685624,0.8691748890165371,0.01,0.6280474662780762,0.8259124068074594
1,0.6993004,0.688291848713152,0.01,0.6237015128135681,0.8389605488948001
