Score,Accuracy
0.6112470594534465,0.6756550669670105
