epoch,acc,loss,lr,val_acc,val_loss
0,0.7949692,0.46199091484579463,0.01,0.8135092258453369,0.4165604214303932
1,0.89440364,0.26762951408759184,0.01,0.835368275642395,0.39589312633880247
2,0.94488055,0.15178043216610293,0.01,0.8231587409973145,0.48020148728014966
