Score,Accuracy
0.5557232521837163,0.8059279918670654
