Score,Accuracy
0.3970279055649764,0.826840877532959
